{
  "config": {
    "service_url": "http://localhost:8080/rasdaman/ows",
    "tmp_directory": "/tmp/",
    "crs_resolver": "http://localhost:8080/def/",
    "default_crs": "http://localhost:8080/def/def/crs/OGC/0/Index2D",
    "mock": false,
    "automated": false
  },
  "input": {
    "coverage_id": "MyCoverage",
    "paths": [
      "/var/data/*"
    ]
  },
  "recipe": {
    "name": "time_series_regular",
    "options": {
      "time_start": "2012-12-02T20:12:02",
      "time_format": "auto",
      "time_crs": "http://localhost:8080/def/crs/OGC/0/AnsiDate",
      "time_step": "2 days 10 minutes 3 seconds",
      "tiling": "ALIGNED [0:999, 0:999, 0:2] TILE SIZE 3000000"
    }
  }
}
