{
  "config": {
    "service_url": "http://localhost:11111/rasdaman/ows",
    "tmp_directory": "/tmp/",
    "crs_resolver": "http://localhost:8080/def/",
    "default_crs": "http://localhost:8080/def/OGC/0/Index2D",
    "mock": false,
    "automated": false,
    "subset_correction" : false
  },
  "input": {
    "coverage_id": "SomeCoverage"
  },
  "recipe": {
    "name": "wcs_extract",
    "options": {
      "coverage_id" : "SomeOtherCoverage",
      "wcs_endpoint" : "http://example.org/rasdaman/ows",
      "partitioning_scheme" : [4000, 4000, 1],
      "tiling": "ALIGNED [0:3999, 0:3999, 0:4] TILE SIZE 80000000"
    }
  }
}
